"Candidate","total_votes","Candidate.1","total_votes.1","Candidate.2","total_votes.2","Candidate.3","total_votes.3","Candidate.4","total_votes.4","Candidate.5","total_votes.5","Candidate.6","total_votes.6","Candidate.7","total_votes.7","Candidate.8","total_votes.8","Candidate.9","total_votes.9","Candidate.10","total_votes.10","Candidate.11","total_votes.11","Candidate.12","total_votes.12","Candidate.13","total_votes.13","Candidate.14","total_votes.14","Candidate.15","total_votes.15","Candidate.16","total_votes.16","Candidate.17","total_votes.17","Candidate.18","total_votes.18","Candidate.19","total_votes.19","Candidate.20","total_votes.20","Candidate.21","total_votes.21","Candidate.22","total_votes.22","Candidate.23","total_votes.23","Candidate.24","total_votes.24"
"Acquaye Emmanuel",46,"Acquaye Emmanuel",20,"Acquaye Emmanuel",16,"Acquaye Emmanuel",14,"Acquaye Emmanuel",22,"Acquaye Emmanuel",16,"Acquaye Emmanuel",54,"Acquaye Emmanuel",6,"Acquaye Emmanuel",14,"Acquaye Emmanuel",10,"Acquaye Emmanuel",14,"Acquaye Emmanuel",10,"Acquaye Emmanuel",20,"Acquaye Emmanuel",8,"Acquaye Emmanuel",8,"Acquaye Emmanuel",16,"Acquaye Emmanuel",26,"Acquaye Emmanuel",12,"Acquaye Emmanuel",18,"Acquaye Emmanuel",26,"Acquaye Emmanuel",22,"Acquaye Emmanuel",16,"Acquaye Emmanuel",26,"Acquaye Emmanuel",12,"Acquaye Emmanuel",20
"Acton Blake",22,"Acton Blake",22,"Acton Blake",42,"Acton Blake",20,"Acton Blake",18,"Acton Blake",20,"Acton Blake",22,"Acton Blake",10,"Acton Blake",8,"Acton Blake",16,"Acton Blake",18,"Acton Blake",6,"Acton Blake",28,"Acton Blake",32,"Acton Blake",12,"Acton Blake",26,"Acton Blake",18,"Acton Blake",14,"Acton Blake",20,"Acton Blake",30,"Acton Blake",20,"Acton Blake",44,"Acton Blake",18,"Acton Blake",20,"Acton Blake",22
"Ahmed Sharif",108,"Ahmed Sharif",60,"Ahmed Sharif",32,"Ahmed Sharif",26,"Ahmed Sharif",86,"Ahmed Sharif",44,"Ahmed Sharif",36,"Ahmed Sharif",24,"Ahmed Sharif",18,"Ahmed Sharif",14,"Ahmed Sharif",10,"Ahmed Sharif",12,"Ahmed Sharif",50,"Ahmed Sharif",40,"Ahmed Sharif",84,"Ahmed Sharif",98,"Ahmed Sharif",36,"Ahmed Sharif",16,"Ahmed Sharif",90,"Ahmed Sharif",252,"Ahmed Sharif",162,"Ahmed Sharif",44,"Ahmed Sharif",68,"Ahmed Sharif",128,"Ahmed Sharif",90
"Alam Asadul",20,"Alam Asadul",18,"Alam Asadul",10,"Alam Asadul",10,"Alam Asadul",42,"Alam Asadul",6,"Alam Asadul",24,"Alam Asadul",26,"Alam Asadul",12,"Alam Asadul",12,"Alam Asadul",10,"Alam Asadul",10,"Alam Asadul",20,"Alam Asadul",14,"Alam Asadul",8,"Alam Asadul",8,"Alam Asadul",10,"Alam Asadul",8,"Alam Asadul",24,"Alam Asadul",46,"Alam Asadul",60,"Alam Asadul",32,"Alam Asadul",28,"Alam Asadul",24,"Alam Asadul",32
"Allan Gru Jesse",34,"Allan Gru Jesse",24,"Allan Gru Jesse",38,"Allan Gru Jesse",24,"Allan Gru Jesse",34,"Allan Gru Jesse",36,"Allan Gru Jesse",24,"Allan Gru Jesse",12,"Allan Gru Jesse",12,"Allan Gru Jesse",8,"Allan Gru Jesse",20,"Allan Gru Jesse",28,"Allan Gru Jesse",52,"Allan Gru Jesse",20,"Allan Gru Jesse",16,"Allan Gru Jesse",30,"Allan Gru Jesse",14,"Allan Gru Jesse",18,"Allan Gru Jesse",16,"Allan Gru Jesse",44,"Allan Gru Jesse",56,"Allan Gru Jesse",42,"Allan Gru Jesse",28,"Allan Gru Jesse",40,"Allan Gru Jesse",34
"Aly Atef",14,"Aly Atef",14,"Aly Atef",12,"Aly Atef",14,"Aly Atef",10,"Aly Atef",14,"Aly Atef",20,"Aly Atef",8,"Aly Atef",12,"Aly Atef",8,"Aly Atef",2,"Aly Atef",0,"Aly Atef",10,"Aly Atef",10,"Aly Atef",8,"Aly Atef",26,"Aly Atef",10,"Aly Atef",14,"Aly Atef",4,"Aly Atef",18,"Aly Atef",10,"Aly Atef",16,"Aly Atef",14,"Aly Atef",12,"Aly Atef",14
"Apostolopoulos Dionysios",30,"Apostolopoulos Dionysios",38,"Apostolopoulos Dionysios",38,"Apostolopoulos Dionysios",38,"Apostolopoulos Dionysios",34,"Apostolopoulos Dionysios",26,"Apostolopoulos Dionysios",26,"Apostolopoulos Dionysios",34,"Apostolopoulos Dionysios",44,"Apostolopoulos Dionysios",22,"Apostolopoulos Dionysios",22,"Apostolopoulos Dionysios",88,"Apostolopoulos Dionysios",18,"Apostolopoulos Dionysios",232,"Apostolopoulos Dionysios",40,"Apostolopoulos Dionysios",78,"Apostolopoulos Dionysios",54,"Apostolopoulos Dionysios",32,"Apostolopoulos Dionysios",58,"Apostolopoulos Dionysios",94,"Apostolopoulos Dionysios",142,"Apostolopoulos Dionysios",122,"Apostolopoulos Dionysios",46,"Apostolopoulos Dionysios",64,"Apostolopoulos Dionysios",32
"Atkinson Darren",18,"Atkinson Darren",16,"Atkinson Darren",20,"Atkinson Darren",22,"Atkinson Darren",14,"Atkinson Darren",34,"Atkinson Darren",14,"Atkinson Darren",8,"Atkinson Darren",10,"Atkinson Darren",8,"Atkinson Darren",8,"Atkinson Darren",10,"Atkinson Darren",18,"Atkinson Darren",26,"Atkinson Darren",16,"Atkinson Darren",6,"Atkinson Darren",16,"Atkinson Darren",20,"Atkinson Darren",8,"Atkinson Darren",6,"Atkinson Darren",12,"Atkinson Darren",24,"Atkinson Darren",14,"Atkinson Darren",24,"Atkinson Darren",12
"Atkinson Jamie",38,"Atkinson Jamie",46,"Atkinson Jamie",44,"Atkinson Jamie",36,"Atkinson Jamie",40,"Atkinson Jamie",34,"Atkinson Jamie",24,"Atkinson Jamie",32,"Atkinson Jamie",30,"Atkinson Jamie",18,"Atkinson Jamie",10,"Atkinson Jamie",22,"Atkinson Jamie",14,"Atkinson Jamie",20,"Atkinson Jamie",24,"Atkinson Jamie",26,"Atkinson Jamie",44,"Atkinson Jamie",38,"Atkinson Jamie",26,"Atkinson Jamie",20,"Atkinson Jamie",32,"Atkinson Jamie",34,"Atkinson Jamie",8,"Atkinson Jamie",28,"Atkinson Jamie",34
"Bailão Ana",11496,"Bailão Ana",33886,"Bailão Ana",33934,"Bailão Ana",20362,"Bailão Ana",19652,"Bailão Ana",18822,"Bailão Ana",8974,"Bailão Ana",32242,"Bailão Ana",20624,"Bailão Ana",16412,"Bailão Ana",20376,"Bailão Ana",24330,"Bailão Ana",12996,"Bailão Ana",18360,"Bailão Ana",26598,"Bailão Ana",14746,"Bailão Ana",17250,"Bailão Ana",16488,"Bailão Ana",20858,"Bailão Ana",17118,"Bailão Ana",14124,"Bailão Ana",13190,"Bailão Ana",8964,"Bailão Ana",11994,"Bailão Ana",16554
"Baking Jose",32,"Baking Jose",32,"Baking Jose",20,"Baking Jose",14,"Baking Jose",48,"Baking Jose",28,"Baking Jose",28,"Baking Jose",30,"Baking Jose",28,"Baking Jose",14,"Baking Jose",8,"Baking Jose",18,"Baking Jose",12,"Baking Jose",16,"Baking Jose",20,"Baking Jose",14,"Baking Jose",22,"Baking Jose",14,"Baking Jose",22,"Baking Jose",32,"Baking Jose",34,"Baking Jose",6,"Baking Jose",24,"Baking Jose",20,"Baking Jose",32
"Bankas Ben",18,"Bankas Ben",12,"Bankas Ben",34,"Bankas Ben",26,"Bankas Ben",20,"Bankas Ben",20,"Bankas Ben",12,"Bankas Ben",18,"Bankas Ben",18,"Bankas Ben",18,"Bankas Ben",18,"Bankas Ben",14,"Bankas Ben",34,"Bankas Ben",16,"Bankas Ben",16,"Bankas Ben",10,"Bankas Ben",18,"Bankas Ben",8,"Bankas Ben",10,"Bankas Ben",10,"Bankas Ben",12,"Bankas Ben",8,"Bankas Ben",14,"Bankas Ben",12,"Bankas Ben",10
"Beals Claudette",8,"Beals Claudette",10,"Beals Claudette",18,"Beals Claudette",8,"Beals Claudette",14,"Beals Claudette",16,"Beals Claudette",16,"Beals Claudette",12,"Beals Claudette",14,"Beals Claudette",4,"Beals Claudette",22,"Beals Claudette",14,"Beals Claudette",18,"Beals Claudette",10,"Beals Claudette",12,"Beals Claudette",16,"Beals Claudette",8,"Beals Claudette",4,"Beals Claudette",8,"Beals Claudette",18,"Beals Claudette",12,"Beals Claudette",20,"Beals Claudette",12,"Beals Claudette",2,"Beals Claudette",6
"Benway Glen",14,"Benway Glen",8,"Benway Glen",10,"Benway Glen",12,"Benway Glen",12,"Benway Glen",16,"Benway Glen",16,"Benway Glen",10,"Benway Glen",14,"Benway Glen",8,"Benway Glen",0,"Benway Glen",12,"Benway Glen",16,"Benway Glen",4,"Benway Glen",6,"Benway Glen",2,"Benway Glen",2,"Benway Glen",4,"Benway Glen",2,"Benway Glen",6,"Benway Glen",8,"Benway Glen",16,"Benway Glen",12,"Benway Glen",12,"Benway Glen",14
"Bonilla Eliazar",34,"Bonilla Eliazar",34,"Bonilla Eliazar",24,"Bonilla Eliazar",8,"Bonilla Eliazar",46,"Bonilla Eliazar",26,"Bonilla Eliazar",40,"Bonilla Eliazar",18,"Bonilla Eliazar",16,"Bonilla Eliazar",14,"Bonilla Eliazar",18,"Bonilla Eliazar",12,"Bonilla Eliazar",16,"Bonilla Eliazar",34,"Bonilla Eliazar",18,"Bonilla Eliazar",20,"Bonilla Eliazar",18,"Bonilla Eliazar",26,"Bonilla Eliazar",12,"Bonilla Eliazar",24,"Bonilla Eliazar",40,"Bonilla Eliazar",34,"Bonilla Eliazar",32,"Bonilla Eliazar",30,"Bonilla Eliazar",26
"Bradford Brad",434,"Bradford Brad",850,"Bradford Brad",1024,"Bradford Brad",712,"Bradford Brad",480,"Bradford Brad",500,"Bradford Brad",246,"Bradford Brad",706,"Bradford Brad",322,"Bradford Brad",994,"Bradford Brad",660,"Bradford Brad",646,"Bradford Brad",742,"Bradford Brad",1104,"Bradford Brad",678,"Bradford Brad",678,"Bradford Brad",546,"Bradford Brad",580,"Bradford Brad",3446,"Bradford Brad",1002,"Bradford Brad",594,"Bradford Brad",366,"Bradford Brad",240,"Bradford Brad",434,"Bradford Brad",524
"Brown Chloe",1136,"Brown Chloe",1070,"Brown Chloe",1732,"Brown Chloe",2660,"Brown Chloe",1436,"Brown Chloe",930,"Brown Chloe",986,"Brown Chloe",1078,"Brown Chloe",2876,"Brown Chloe",3278,"Brown Chloe",2462,"Brown Chloe",1858,"Brown Chloe",2840,"Brown Chloe",2034,"Brown Chloe",884,"Brown Chloe",976,"Brown Chloe",888,"Brown Chloe",686,"Brown Chloe",1772,"Brown Chloe",1192,"Brown Chloe",1050,"Brown Chloe",762,"Brown Chloe",856,"Brown Chloe",928,"Brown Chloe",1292
"Buffey Brian",18,"Buffey Brian",12,"Buffey Brian",14,"Buffey Brian",8,"Buffey Brian",8,"Buffey Brian",10,"Buffey Brian",6,"Buffey Brian",4,"Buffey Brian",8,"Buffey Brian",4,"Buffey Brian",8,"Buffey Brian",10,"Buffey Brian",8,"Buffey Brian",8,"Buffey Brian",4,"Buffey Brian",4,"Buffey Brian",10,"Buffey Brian",4,"Buffey Brian",12,"Buffey Brian",20,"Buffey Brian",12,"Buffey Brian",14,"Buffey Brian",8,"Buffey Brian",6,"Buffey Brian",6
"Caesar-Chavannes Celina",38,"Caesar-Chavannes Celina",14,"Caesar-Chavannes Celina",18,"Caesar-Chavannes Celina",20,"Caesar-Chavannes Celina",28,"Caesar-Chavannes Celina",32,"Caesar-Chavannes Celina",24,"Caesar-Chavannes Celina",6,"Caesar-Chavannes Celina",20,"Caesar-Chavannes Celina",18,"Caesar-Chavannes Celina",6,"Caesar-Chavannes Celina",10,"Caesar-Chavannes Celina",30,"Caesar-Chavannes Celina",22,"Caesar-Chavannes Celina",10,"Caesar-Chavannes Celina",6,"Caesar-Chavannes Celina",8,"Caesar-Chavannes Celina",14,"Caesar-Chavannes Celina",20,"Caesar-Chavannes Celina",36,"Caesar-Chavannes Celina",20,"Caesar-Chavannes Celina",16,"Caesar-Chavannes Celina",28,"Caesar-Chavannes Celina",18,"Caesar-Chavannes Celina",46
"Carrie Mason",14,"Carrie Mason",2,"Carrie Mason",12,"Carrie Mason",10,"Carrie Mason",28,"Carrie Mason",16,"Carrie Mason",10,"Carrie Mason",18,"Carrie Mason",4,"Carrie Mason",0,"Carrie Mason",10,"Carrie Mason",2,"Carrie Mason",2,"Carrie Mason",14,"Carrie Mason",4,"Carrie Mason",10,"Carrie Mason",6,"Carrie Mason",6,"Carrie Mason",4,"Carrie Mason",14,"Carrie Mason",34,"Carrie Mason",10,"Carrie Mason",28,"Carrie Mason",20,"Carrie Mason",22
"Chan Roland",40,"Chan Roland",32,"Chan Roland",40,"Chan Roland",16,"Chan Roland",54,"Chan Roland",18,"Chan Roland",36,"Chan Roland",30,"Chan Roland",22,"Chan Roland",30,"Chan Roland",24,"Chan Roland",24,"Chan Roland",44,"Chan Roland",52,"Chan Roland",36,"Chan Roland",28,"Chan Roland",52,"Chan Roland",54,"Chan Roland",32,"Chan Roland",42,"Chan Roland",44,"Chan Roland",108,"Chan Roland",92,"Chan Roland",46,"Chan Roland",34
"Charlton Matti",18,"Charlton Matti",10,"Charlton Matti",8,"Charlton Matti",4,"Charlton Matti",12,"Charlton Matti",12,"Charlton Matti",20,"Charlton Matti",10,"Charlton Matti",4,"Charlton Matti",8,"Charlton Matti",8,"Charlton Matti",6,"Charlton Matti",28,"Charlton Matti",14,"Charlton Matti",2,"Charlton Matti",4,"Charlton Matti",12,"Charlton Matti",6,"Charlton Matti",10,"Charlton Matti",12,"Charlton Matti",14,"Charlton Matti",18,"Charlton Matti",2,"Charlton Matti",10,"Charlton Matti",16
"Chevalier Romero Danny",44,"Chevalier Romero Danny",24,"Chevalier Romero Danny",12,"Chevalier Romero Danny",32,"Chevalier Romero Danny",28,"Chevalier Romero Danny",18,"Chevalier Romero Danny",38,"Chevalier Romero Danny",18,"Chevalier Romero Danny",18,"Chevalier Romero Danny",24,"Chevalier Romero Danny",24,"Chevalier Romero Danny",16,"Chevalier Romero Danny",22,"Chevalier Romero Danny",20,"Chevalier Romero Danny",18,"Chevalier Romero Danny",16,"Chevalier Romero Danny",20,"Chevalier Romero Danny",28,"Chevalier Romero Danny",8,"Chevalier Romero Danny",14,"Chevalier Romero Danny",16,"Chevalier Romero Danny",30,"Chevalier Romero Danny",22,"Chevalier Romero Danny",36,"Chevalier Romero Danny",16
"Chow Olivia",9944,"Chow Olivia",16098,"Chow Olivia",24848,"Chow Olivia",39138,"Chow Olivia",14798,"Chow Olivia",10888,"Chow Olivia",8970,"Chow Olivia",16366,"Chow Olivia",34062,"Chow Olivia",33376,"Chow Olivia",32614,"Chow Olivia",26936,"Chow Olivia",34284,"Chow Olivia",39120,"Chow Olivia",16134,"Chow Olivia",14716,"Chow Olivia",16762,"Chow Olivia",16586,"Chow Olivia",31820,"Chow Olivia",19962,"Chow Olivia",15940,"Chow Olivia",18130,"Chow Olivia",17880,"Chow Olivia",12896,"Chow Olivia",16476
"Choy Logan",42,"Choy Logan",68,"Choy Logan",78,"Choy Logan",58,"Choy Logan",68,"Choy Logan",28,"Choy Logan",64,"Choy Logan",48,"Choy Logan",68,"Choy Logan",56,"Choy Logan",50,"Choy Logan",54,"Choy Logan",64,"Choy Logan",62,"Choy Logan",32,"Choy Logan",68,"Choy Logan",36,"Choy Logan",50,"Choy Logan",62,"Choy Logan",42,"Choy Logan",68,"Choy Logan",58,"Choy Logan",46,"Choy Logan",74,"Choy Logan",46
"City Ward 1 Totals",35644,"City Ward 2 Totals",75850,"City Ward 3 Totals",84378,"City Ward 4 Totals",78340,"City Ward 5 Totals",50048,"City Ward 6 Totals",45406,"City Ward 7 Totals",31872,"City Ward 8 Totals",68898,"City Ward 9 Totals",68430,"City Ward 10 Totals",67136,"City Ward 11 Totals",69608,"City Ward 12 Totals",80298,"City Ward 13 Totals",62794,"City Ward 14 Totals",75384,"City Ward 15 Totals",61716,"City Ward 16 Totals",43916,"City Ward 17 Totals",49554,"City Ward 18 Totals",47576,"City Ward 19 Totals",73888,"City Ward 20 Totals",55916,"City Ward 21 Totals",46122,"City Ward 22 Totals",45414,"City Ward 23 Totals",37920,"City Ward 24 Totals",42272,"City Ward 25 Totals",50896
"Clarke Kevin",18,"Clarke Kevin",16,"Clarke Kevin",20,"Clarke Kevin",28,"Clarke Kevin",10,"Clarke Kevin",16,"Clarke Kevin",24,"Clarke Kevin",20,"Clarke Kevin",14,"Clarke Kevin",12,"Clarke Kevin",10,"Clarke Kevin",16,"Clarke Kevin",22,"Clarke Kevin",32,"Clarke Kevin",6,"Clarke Kevin",22,"Clarke Kevin",12,"Clarke Kevin",12,"Clarke Kevin",38,"Clarke Kevin",38,"Clarke Kevin",18,"Clarke Kevin",24,"Clarke Kevin",20,"Clarke Kevin",56,"Clarke Kevin",26
"Climenhaga Sarah",14,"Climenhaga Sarah",20,"Climenhaga Sarah",16,"Climenhaga Sarah",26,"Climenhaga Sarah",10,"Climenhaga Sarah",14,"Climenhaga Sarah",18,"Climenhaga Sarah",10,"Climenhaga Sarah",24,"Climenhaga Sarah",18,"Climenhaga Sarah",18,"Climenhaga Sarah",48,"Climenhaga Sarah",18,"Climenhaga Sarah",6,"Climenhaga Sarah",10,"Climenhaga Sarah",16,"Climenhaga Sarah",6,"Climenhaga Sarah",6,"Climenhaga Sarah",24,"Climenhaga Sarah",14,"Climenhaga Sarah",6,"Climenhaga Sarah",24,"Climenhaga Sarah",2,"Climenhaga Sarah",18,"Climenhaga Sarah",4
"Cohen Gordon",18,"Cohen Gordon",14,"Cohen Gordon",2,"Cohen Gordon",14,"Cohen Gordon",10,"Cohen Gordon",56,"Cohen Gordon",8,"Cohen Gordon",50,"Cohen Gordon",6,"Cohen Gordon",18,"Cohen Gordon",4,"Cohen Gordon",16,"Cohen Gordon",8,"Cohen Gordon",10,"Cohen Gordon",20,"Cohen Gordon",18,"Cohen Gordon",44,"Cohen Gordon",42,"Cohen Gordon",10,"Cohen Gordon",16,"Cohen Gordon",6,"Cohen Gordon",12,"Cohen Gordon",8,"Cohen Gordon",14,"Cohen Gordon",4
"Collins Paul",14,"Collins Paul",20,"Collins Paul",10,"Collins Paul",16,"Collins Paul",10,"Collins Paul",12,"Collins Paul",14,"Collins Paul",30,"Collins Paul",12,"Collins Paul",12,"Collins Paul",4,"Collins Paul",8,"Collins Paul",10,"Collins Paul",8,"Collins Paul",8,"Collins Paul",14,"Collins Paul",8,"Collins Paul",14,"Collins Paul",12,"Collins Paul",8,"Collins Paul",26,"Collins Paul",10,"Collins Paul",10,"Collins Paul",36,"Collins Paul",10
"D'Amico Frank",30,"D'Amico Frank",50,"D'Amico Frank",34,"D'Amico Frank",6,"D'Amico Frank",66,"D'Amico Frank",62,"D'Amico Frank",48,"D'Amico Frank",60,"D'Amico Frank",188,"D'Amico Frank",20,"D'Amico Frank",8,"D'Amico Frank",32,"D'Amico Frank",14,"D'Amico Frank",6,"D'Amico Frank",8,"D'Amico Frank",4,"D'Amico Frank",8,"D'Amico Frank",10,"D'Amico Frank",4,"D'Amico Frank",10,"D'Amico Frank",6,"D'Amico Frank",16,"D'Amico Frank",12,"D'Amico Frank",4,"D'Amico Frank",8
"D'Angelo Frank",26,"D'Angelo Frank",56,"D'Angelo Frank",50,"D'Angelo Frank",12,"D'Angelo Frank",66,"D'Angelo Frank",42,"D'Angelo Frank",52,"D'Angelo Frank",32,"D'Angelo Frank",36,"D'Angelo Frank",16,"D'Angelo Frank",20,"D'Angelo Frank",14,"D'Angelo Frank",14,"D'Angelo Frank",18,"D'Angelo Frank",6,"D'Angelo Frank",16,"D'Angelo Frank",22,"D'Angelo Frank",26,"D'Angelo Frank",14,"D'Angelo Frank",34,"D'Angelo Frank",32,"D'Angelo Frank",22,"D'Angelo Frank",8,"D'Angelo Frank",36,"D'Angelo Frank",16
"D'Cruze Phillip",12,"D'Cruze Phillip",4,"D'Cruze Phillip",10,"D'Cruze Phillip",2,"D'Cruze Phillip",12,"D'Cruze Phillip",4,"D'Cruze Phillip",0,"D'Cruze Phillip",6,"D'Cruze Phillip",2,"D'Cruze Phillip",4,"D'Cruze Phillip",2,"D'Cruze Phillip",2,"D'Cruze Phillip",2,"D'Cruze Phillip",4,"D'Cruze Phillip",2,"D'Cruze Phillip",14,"D'Cruze Phillip",4,"D'Cruze Phillip",2,"D'Cruze Phillip",2,"D'Cruze Phillip",6,"D'Cruze Phillip",6,"D'Cruze Phillip",8,"D'Cruze Phillip",10,"D'Cruze Phillip",10,"D'Cruze Phillip",6
"Davis Rob",54,"Davis Rob",46,"Davis Rob",66,"Davis Rob",30,"Davis Rob",34,"Davis Rob",40,"Davis Rob",20,"Davis Rob",30,"Davis Rob",14,"Davis Rob",28,"Davis Rob",24,"Davis Rob",38,"Davis Rob",32,"Davis Rob",18,"Davis Rob",28,"Davis Rob",18,"Davis Rob",28,"Davis Rob",34,"Davis Rob",24,"Davis Rob",32,"Davis Rob",32,"Davis Rob",18,"Davis Rob",32,"Davis Rob",16,"Davis Rob",20
"Deb Samson",6,"Deb Samson",10,"Deb Samson",6,"Deb Samson",10,"Deb Samson",14,"Deb Samson",12,"Deb Samson",26,"Deb Samson",10,"Deb Samson",14,"Deb Samson",0,"Deb Samson",4,"Deb Samson",4,"Deb Samson",14,"Deb Samson",4,"Deb Samson",2,"Deb Samson",10,"Deb Samson",12,"Deb Samson",12,"Deb Samson",6,"Deb Samson",28,"Deb Samson",8,"Deb Samson",16,"Deb Samson",8,"Deb Samson",14,"Deb Samson",8
"Desai Habiba",16,"Desai Habiba",10,"Desai Habiba",6,"Desai Habiba",6,"Desai Habiba",16,"Desai Habiba",6,"Desai Habiba",18,"Desai Habiba",0,"Desai Habiba",8,"Desai Habiba",10,"Desai Habiba",0,"Desai Habiba",2,"Desai Habiba",10,"Desai Habiba",20,"Desai Habiba",28,"Desai Habiba",42,"Desai Habiba",12,"Desai Habiba",6,"Desai Habiba",8,"Desai Habiba",14,"Desai Habiba",42,"Desai Habiba",8,"Desai Habiba",16,"Desai Habiba",64,"Desai Habiba",24
"Deville Cory",18,"Deville Cory",10,"Deville Cory",8,"Deville Cory",6,"Deville Cory",12,"Deville Cory",0,"Deville Cory",6,"Deville Cory",12,"Deville Cory",2,"Deville Cory",8,"Deville Cory",8,"Deville Cory",14,"Deville Cory",4,"Deville Cory",8,"Deville Cory",6,"Deville Cory",10,"Deville Cory",8,"Deville Cory",2,"Deville Cory",10,"Deville Cory",4,"Deville Cory",8,"Deville Cory",8,"Deville Cory",8,"Deville Cory",6,"Deville Cory",6
"Fenby Simryn",8,"Fenby Simryn",4,"Fenby Simryn",6,"Fenby Simryn",8,"Fenby Simryn",4,"Fenby Simryn",14,"Fenby Simryn",12,"Fenby Simryn",8,"Fenby Simryn",2,"Fenby Simryn",6,"Fenby Simryn",4,"Fenby Simryn",16,"Fenby Simryn",0,"Fenby Simryn",6,"Fenby Simryn",12,"Fenby Simryn",10,"Fenby Simryn",6,"Fenby Simryn",10,"Fenby Simryn",26,"Fenby Simryn",6,"Fenby Simryn",8,"Fenby Simryn",8,"Fenby Simryn",2,"Fenby Simryn",4,"Fenby Simryn",4
"Forrester Monica",22,"Forrester Monica",38,"Forrester Monica",32,"Forrester Monica",28,"Forrester Monica",36,"Forrester Monica",22,"Forrester Monica",20,"Forrester Monica",22,"Forrester Monica",16,"Forrester Monica",8,"Forrester Monica",14,"Forrester Monica",24,"Forrester Monica",36,"Forrester Monica",24,"Forrester Monica",6,"Forrester Monica",38,"Forrester Monica",8,"Forrester Monica",22,"Forrester Monica",20,"Forrester Monica",36,"Forrester Monica",28,"Forrester Monica",16,"Forrester Monica",8,"Forrester Monica",16,"Forrester Monica",16
"Furey Anthony",2062,"Furey Anthony",6278,"Furey Anthony",5992,"Furey Anthony",3390,"Furey Anthony",2326,"Furey Anthony",2816,"Furey Anthony",1326,"Furey Anthony",3656,"Furey Anthony",1870,"Furey Anthony",2502,"Furey Anthony",2382,"Furey Anthony",3228,"Furey Anthony",1900,"Furey Anthony",2530,"Furey Anthony",2992,"Furey Anthony",2680,"Furey Anthony",2914,"Furey Anthony",2834,"Furey Anthony",3748,"Furey Anthony",3644,"Furey Anthony",2522,"Furey Anthony",2026,"Furey Anthony",1058,"Furey Anthony",2488,"Furey Anthony",2634
"Furnival Scott",8,"Furnival Scott",8,"Furnival Scott",24,"Furnival Scott",6,"Furnival Scott",2,"Furnival Scott",16,"Furnival Scott",10,"Furnival Scott",8,"Furnival Scott",6,"Furnival Scott",6,"Furnival Scott",6,"Furnival Scott",6,"Furnival Scott",4,"Furnival Scott",8,"Furnival Scott",8,"Furnival Scott",12,"Furnival Scott",8,"Furnival Scott",6,"Furnival Scott",4,"Furnival Scott",16,"Furnival Scott",10,"Furnival Scott",8,"Furnival Scott",4,"Furnival Scott",12,"Furnival Scott",14
"Gamk Isabella",6,"Gamk Isabella",8,"Gamk Isabella",10,"Gamk Isabella",10,"Gamk Isabella",10,"Gamk Isabella",6,"Gamk Isabella",6,"Gamk Isabella",4,"Gamk Isabella",8,"Gamk Isabella",4,"Gamk Isabella",10,"Gamk Isabella",6,"Gamk Isabella",12,"Gamk Isabella",2,"Gamk Isabella",4,"Gamk Isabella",18,"Gamk Isabella",2,"Gamk Isabella",0,"Gamk Isabella",4,"Gamk Isabella",8,"Gamk Isabella",4,"Gamk Isabella",12,"Gamk Isabella",10,"Gamk Isabella",8,"Gamk Isabella",4
"Gao Feng",12,"Gao Feng",12,"Gao Feng",4,"Gao Feng",16,"Gao Feng",20,"Gao Feng",26,"Gao Feng",52,"Gao Feng",8,"Gao Feng",8,"Gao Feng",10,"Gao Feng",10,"Gao Feng",4,"Gao Feng",16,"Gao Feng",12,"Gao Feng",18,"Gao Feng",12,"Gao Feng",20,"Gao Feng",28,"Gao Feng",6,"Gao Feng",20,"Gao Feng",12,"Gao Feng",24,"Gao Feng",30,"Gao Feng",8,"Gao Feng",8
"Gong Xiao Hua",324,"Gong Xiao Hua",210,"Gong Xiao Hua",196,"Gong Xiao Hua",118,"Gong Xiao Hua",268,"Gong Xiao Hua",310,"Gong Xiao Hua",298,"Gong Xiao Hua",188,"Gong Xiao Hua",110,"Gong Xiao Hua",128,"Gong Xiao Hua",96,"Gong Xiao Hua",120,"Gong Xiao Hua",124,"Gong Xiao Hua",198,"Gong Xiao Hua",146,"Gong Xiao Hua",224,"Gong Xiao Hua",480,"Gong Xiao Hua",212,"Gong Xiao Hua",110,"Gong Xiao Hua",290,"Gong Xiao Hua",288,"Gong Xiao Hua",502,"Gong Xiao Hua",446,"Gong Xiao Hua",238,"Gong Xiao Hua",342
"Goraya Adil",18,"Goraya Adil",6,"Goraya Adil",10,"Goraya Adil",4,"Goraya Adil",12,"Goraya Adil",10,"Goraya Adil",22,"Goraya Adil",0,"Goraya Adil",12,"Goraya Adil",2,"Goraya Adil",4,"Goraya Adil",10,"Goraya Adil",6,"Goraya Adil",4,"Goraya Adil",0,"Goraya Adil",12,"Goraya Adil",2,"Goraya Adil",4,"Goraya Adil",16,"Goraya Adil",0,"Goraya Adil",8,"Goraya Adil",4,"Goraya Adil",16,"Goraya Adil",16,"Goraya Adil",10
"Graff Brian",6,"Graff Brian",4,"Graff Brian",10,"Graff Brian",10,"Graff Brian",2,"Graff Brian",6,"Graff Brian",6,"Graff Brian",6,"Graff Brian",8,"Graff Brian",6,"Graff Brian",8,"Graff Brian",8,"Graff Brian",8,"Graff Brian",6,"Graff Brian",6,"Graff Brian",8,"Graff Brian",8,"Graff Brian",14,"Graff Brian",4,"Graff Brian",8,"Graff Brian",16,"Graff Brian",6,"Graff Brian",2,"Graff Brian",6,"Graff Brian",6
"Grosman Ari",12,"Grosman Ari",14,"Grosman Ari",16,"Grosman Ari",16,"Grosman Ari",14,"Grosman Ari",44,"Grosman Ari",18,"Grosman Ari",48,"Grosman Ari",2,"Grosman Ari",10,"Grosman Ari",8,"Grosman Ari",24,"Grosman Ari",10,"Grosman Ari",8,"Grosman Ari",4,"Grosman Ari",14,"Grosman Ari",28,"Grosman Ari",22,"Grosman Ari",4,"Grosman Ari",6,"Grosman Ari",12,"Grosman Ari",10,"Grosman Ari",6,"Grosman Ari",0,"Grosman Ari",4
"Guglielmin James",10,"Guglielmin James",14,"Guglielmin James",10,"Guglielmin James",2,"Guglielmin James",6,"Guglielmin James",10,"Guglielmin James",14,"Guglielmin James",12,"Guglielmin James",2,"Guglielmin James",2,"Guglielmin James",4,"Guglielmin James",4,"Guglielmin James",2,"Guglielmin James",8,"Guglielmin James",0,"Guglielmin James",12,"Guglielmin James",10,"Guglielmin James",6,"Guglielmin James",0,"Guglielmin James",16,"Guglielmin James",14,"Guglielmin James",20,"Guglielmin James",8,"Guglielmin James",8,"Guglielmin James",8
"Gulyas David",14,"Gulyas David",12,"Gulyas David",12,"Gulyas David",12,"Gulyas David",6,"Gulyas David",16,"Gulyas David",4,"Gulyas David",10,"Gulyas David",10,"Gulyas David",12,"Gulyas David",6,"Gulyas David",16,"Gulyas David",10,"Gulyas David",12,"Gulyas David",10,"Gulyas David",4,"Gulyas David",12,"Gulyas David",8,"Gulyas David",4,"Gulyas David",6,"Gulyas David",8,"Gulyas David",6,"Gulyas David",4,"Gulyas David",12,"Gulyas David",14
"Hall Thomas",40,"Hall Thomas",42,"Hall Thomas",8,"Hall Thomas",8,"Hall Thomas",36,"Hall Thomas",42,"Hall Thomas",20,"Hall Thomas",14,"Hall Thomas",6,"Hall Thomas",8,"Hall Thomas",8,"Hall Thomas",12,"Hall Thomas",12,"Hall Thomas",20,"Hall Thomas",2,"Hall Thomas",26,"Hall Thomas",24,"Hall Thomas",18,"Hall Thomas",10,"Hall Thomas",28,"Hall Thomas",42,"Hall Thomas",34,"Hall Thomas",12,"Hall Thomas",24,"Hall Thomas",20
"Handjis Peter",10,"Handjis Peter",8,"Handjis Peter",10,"Handjis Peter",6,"Handjis Peter",8,"Handjis Peter",2,"Handjis Peter",12,"Handjis Peter",2,"Handjis Peter",4,"Handjis Peter",2,"Handjis Peter",8,"Handjis Peter",8,"Handjis Peter",4,"Handjis Peter",64,"Handjis Peter",8,"Handjis Peter",16,"Handjis Peter",4,"Handjis Peter",6,"Handjis Peter",8,"Handjis Peter",10,"Handjis Peter",18,"Handjis Peter",8,"Handjis Peter",6,"Handjis Peter",18,"Handjis Peter",4
"He Heather",8,"He Heather",2,"He Heather",6,"He Heather",10,"He Heather",12,"He Heather",8,"He Heather",12,"He Heather",4,"He Heather",8,"He Heather",18,"He Heather",10,"He Heather",4,"He Heather",2,"He Heather",6,"He Heather",14,"He Heather",16,"He Heather",86,"He Heather",54,"He Heather",4,"He Heather",12,"He Heather",20,"He Heather",166,"He Heather",94,"He Heather",10,"He Heather",8
"Heaps Toby",18,"Heaps Toby",54,"Heaps Toby",100,"Heaps Toby",102,"Heaps Toby",44,"Heaps Toby",22,"Heaps Toby",22,"Heaps Toby",50,"Heaps Toby",50,"Heaps Toby",80,"Heaps Toby",46,"Heaps Toby",48,"Heaps Toby",58,"Heaps Toby",70,"Heaps Toby",50,"Heaps Toby",42,"Heaps Toby",20,"Heaps Toby",44,"Heaps Toby",66,"Heaps Toby",46,"Heaps Toby",26,"Heaps Toby",44,"Heaps Toby",28,"Heaps Toby",28,"Heaps Toby",28
"Hossain Monowar",20,"Hossain Monowar",12,"Hossain Monowar",4,"Hossain Monowar",10,"Hossain Monowar",44,"Hossain Monowar",10,"Hossain Monowar",8,"Hossain Monowar",6,"Hossain Monowar",2,"Hossain Monowar",10,"Hossain Monowar",4,"Hossain Monowar",8,"Hossain Monowar",24,"Hossain Monowar",8,"Hossain Monowar",12,"Hossain Monowar",6,"Hossain Monowar",12,"Hossain Monowar",2,"Hossain Monowar",10,"Hossain Monowar",22,"Hossain Monowar",28,"Hossain Monowar",10,"Hossain Monowar",6,"Hossain Monowar",26,"Hossain Monowar",24
"Hunter Mitzie",956,"Hunter Mitzie",1408,"Hunter Mitzie",1872,"Hunter Mitzie",1960,"Hunter Mitzie",1314,"Hunter Mitzie",836,"Hunter Mitzie",818,"Hunter Mitzie",1086,"Hunter Mitzie",1224,"Hunter Mitzie",1776,"Hunter Mitzie",1372,"Hunter Mitzie",1408,"Hunter Mitzie",1562,"Hunter Mitzie",2180,"Hunter Mitzie",1094,"Hunter Mitzie",1204,"Hunter Mitzie",1204,"Hunter Mitzie",946,"Hunter Mitzie",2322,"Hunter Mitzie",2228,"Hunter Mitzie",1794,"Hunter Mitzie",1334,"Hunter Mitzie",1380,"Hunter Mitzie",5526,"Hunter Mitzie",3654
"Igodan Sheila",16,"Igodan Sheila",6,"Igodan Sheila",6,"Igodan Sheila",0,"Igodan Sheila",2,"Igodan Sheila",0,"Igodan Sheila",12,"Igodan Sheila",4,"Igodan Sheila",0,"Igodan Sheila",6,"Igodan Sheila",0,"Igodan Sheila",0,"Igodan Sheila",2,"Igodan Sheila",2,"Igodan Sheila",0,"Igodan Sheila",2,"Igodan Sheila",2,"Igodan Sheila",6,"Igodan Sheila",4,"Igodan Sheila",0,"Igodan Sheila",4,"Igodan Sheila",2,"Igodan Sheila",4,"Igodan Sheila",4,"Igodan Sheila",0
"Irmya Daniel",2,"Irmya Daniel",2,"Irmya Daniel",2,"Irmya Daniel",6,"Irmya Daniel",2,"Irmya Daniel",0,"Irmya Daniel",4,"Irmya Daniel",6,"Irmya Daniel",4,"Irmya Daniel",2,"Irmya Daniel",0,"Irmya Daniel",0,"Irmya Daniel",10,"Irmya Daniel",0,"Irmya Daniel",0,"Irmya Daniel",0,"Irmya Daniel",0,"Irmya Daniel",2,"Irmya Daniel",2,"Irmya Daniel",4,"Irmya Daniel",2,"Irmya Daniel",0,"Irmya Daniel",0,"Irmya Daniel",2,"Irmya Daniel",2
"Jaffery Syed",16,"Jaffery Syed",2,"Jaffery Syed",10,"Jaffery Syed",4,"Jaffery Syed",6,"Jaffery Syed",0,"Jaffery Syed",10,"Jaffery Syed",0,"Jaffery Syed",8,"Jaffery Syed",2,"Jaffery Syed",2,"Jaffery Syed",2,"Jaffery Syed",16,"Jaffery Syed",4,"Jaffery Syed",62,"Jaffery Syed",12,"Jaffery Syed",4,"Jaffery Syed",8,"Jaffery Syed",12,"Jaffery Syed",20,"Jaffery Syed",24,"Jaffery Syed",12,"Jaffery Syed",12,"Jaffery Syed",20,"Jaffery Syed",26
"Jensen Michael",16,"Jensen Michael",8,"Jensen Michael",10,"Jensen Michael",6,"Jensen Michael",8,"Jensen Michael",6,"Jensen Michael",8,"Jensen Michael",4,"Jensen Michael",6,"Jensen Michael",6,"Jensen Michael",0,"Jensen Michael",4,"Jensen Michael",8,"Jensen Michael",4,"Jensen Michael",8,"Jensen Michael",16,"Jensen Michael",6,"Jensen Michael",10,"Jensen Michael",2,"Jensen Michael",20,"Jensen Michael",10,"Jensen Michael",12,"Jensen Michael",16,"Jensen Michael",18,"Jensen Michael",18
"Johnston Patricia",34,"Johnston Patricia",12,"Johnston Patricia",14,"Johnston Patricia",12,"Johnston Patricia",22,"Johnston Patricia",24,"Johnston Patricia",22,"Johnston Patricia",6,"Johnston Patricia",22,"Johnston Patricia",8,"Johnston Patricia",12,"Johnston Patricia",12,"Johnston Patricia",18,"Johnston Patricia",20,"Johnston Patricia",18,"Johnston Patricia",24,"Johnston Patricia",18,"Johnston Patricia",10,"Johnston Patricia",14,"Johnston Patricia",16,"Johnston Patricia",20,"Johnston Patricia",12,"Johnston Patricia",12,"Johnston Patricia",34,"Johnston Patricia",18
"Khan Walayat",10,"Khan Walayat",10,"Khan Walayat",0,"Khan Walayat",6,"Khan Walayat",6,"Khan Walayat",4,"Khan Walayat",20,"Khan Walayat",6,"Khan Walayat",6,"Khan Walayat",4,"Khan Walayat",0,"Khan Walayat",6,"Khan Walayat",12,"Khan Walayat",8,"Khan Walayat",6,"Khan Walayat",10,"Khan Walayat",6,"Khan Walayat",4,"Khan Walayat",6,"Khan Walayat",10,"Khan Walayat",14,"Khan Walayat",8,"Khan Walayat",22,"Khan Walayat",16,"Khan Walayat",18
"Korovitsyn Serge",6,"Korovitsyn Serge",8,"Korovitsyn Serge",16,"Korovitsyn Serge",16,"Korovitsyn Serge",0,"Korovitsyn Serge",32,"Korovitsyn Serge",4,"Korovitsyn Serge",12,"Korovitsyn Serge",0,"Korovitsyn Serge",14,"Korovitsyn Serge",2,"Korovitsyn Serge",2,"Korovitsyn Serge",10,"Korovitsyn Serge",4,"Korovitsyn Serge",4,"Korovitsyn Serge",6,"Korovitsyn Serge",4,"Korovitsyn Serge",28,"Korovitsyn Serge",2,"Korovitsyn Serge",0,"Korovitsyn Serge",8,"Korovitsyn Serge",4,"Korovitsyn Serge",2,"Korovitsyn Serge",6,"Korovitsyn Serge",2
"Lamoureux Michael",12,"Lamoureux Michael",6,"Lamoureux Michael",4,"Lamoureux Michael",6,"Lamoureux Michael",10,"Lamoureux Michael",10,"Lamoureux Michael",12,"Lamoureux Michael",10,"Lamoureux Michael",10,"Lamoureux Michael",4,"Lamoureux Michael",4,"Lamoureux Michael",6,"Lamoureux Michael",12,"Lamoureux Michael",22,"Lamoureux Michael",2,"Lamoureux Michael",14,"Lamoureux Michael",16,"Lamoureux Michael",6,"Lamoureux Michael",14,"Lamoureux Michael",8,"Lamoureux Michael",6,"Lamoureux Michael",22,"Lamoureux Michael",10,"Lamoureux Michael",10,"Lamoureux Michael",4
"Langenfeld Kris",12,"Langenfeld Kris",6,"Langenfeld Kris",22,"Langenfeld Kris",12,"Langenfeld Kris",6,"Langenfeld Kris",14,"Langenfeld Kris",6,"Langenfeld Kris",10,"Langenfeld Kris",12,"Langenfeld Kris",10,"Langenfeld Kris",2,"Langenfeld Kris",6,"Langenfeld Kris",16,"Langenfeld Kris",2,"Langenfeld Kris",4,"Langenfeld Kris",4,"Langenfeld Kris",2,"Langenfeld Kris",14,"Langenfeld Kris",20,"Langenfeld Kris",14,"Langenfeld Kris",16,"Langenfeld Kris",6,"Langenfeld Kris",8,"Langenfeld Kris",28,"Langenfeld Kris",22
"LeLiever Mark",32,"LeLiever Mark",20,"LeLiever Mark",34,"LeLiever Mark",18,"LeLiever Mark",24,"LeLiever Mark",10,"LeLiever Mark",26,"LeLiever Mark",10,"LeLiever Mark",16,"LeLiever Mark",22,"LeLiever Mark",4,"LeLiever Mark",8,"LeLiever Mark",18,"LeLiever Mark",26,"LeLiever Mark",22,"LeLiever Mark",28,"LeLiever Mark",28,"LeLiever Mark",24,"LeLiever Mark",14,"LeLiever Mark",18,"LeLiever Mark",12,"LeLiever Mark",44,"LeLiever Mark",28,"LeLiever Mark",18,"LeLiever Mark",14
"Lee Rick",12,"Lee Rick",14,"Lee Rick",10,"Lee Rick",12,"Lee Rick",10,"Lee Rick",28,"Lee Rick",22,"Lee Rick",8,"Lee Rick",8,"Lee Rick",24,"Lee Rick",16,"Lee Rick",6,"Lee Rick",14,"Lee Rick",24,"Lee Rick",16,"Lee Rick",8,"Lee Rick",40,"Lee Rick",46,"Lee Rick",10,"Lee Rick",14,"Lee Rick",22,"Lee Rick",52,"Lee Rick",44,"Lee Rick",12,"Lee Rick",10
"Letonja John",8,"Letonja John",6,"Letonja John",4,"Letonja John",6,"Letonja John",6,"Letonja John",0,"Letonja John",4,"Letonja John",0,"Letonja John",4,"Letonja John",2,"Letonja John",4,"Letonja John",2,"Letonja John",4,"Letonja John",4,"Letonja John",2,"Letonja John",4,"Letonja John",2,"Letonja John",2,"Letonja John",2,"Letonja John",0,"Letonja John",2,"Letonja John",6,"Letonja John",4,"Letonja John",12,"Letonja John",0
"MacLeod Norman",12,"MacLeod Norman",12,"MacLeod Norman",12,"MacLeod Norman",12,"MacLeod Norman",6,"MacLeod Norman",12,"MacLeod Norman",10,"MacLeod Norman",14,"MacLeod Norman",8,"MacLeod Norman",4,"MacLeod Norman",6,"MacLeod Norman",16,"MacLeod Norman",18,"MacLeod Norman",16,"MacLeod Norman",8,"MacLeod Norman",12,"MacLeod Norman",12,"MacLeod Norman",14,"MacLeod Norman",10,"MacLeod Norman",6,"MacLeod Norman",22,"MacLeod Norman",30,"MacLeod Norman",12,"MacLeod Norman",22,"MacLeod Norman",20
"Mammoliti Giorgio",134,"Mammoliti Giorgio",134,"Mammoliti Giorgio",104,"Mammoliti Giorgio",62,"Mammoliti Giorgio",168,"Mammoliti Giorgio",174,"Mammoliti Giorgio",476,"Mammoliti Giorgio",154,"Mammoliti Giorgio",46,"Mammoliti Giorgio",34,"Mammoliti Giorgio",32,"Mammoliti Giorgio",34,"Mammoliti Giorgio",38,"Mammoliti Giorgio",82,"Mammoliti Giorgio",20,"Mammoliti Giorgio",36,"Mammoliti Giorgio",52,"Mammoliti Giorgio",40,"Mammoliti Giorgio",32,"Mammoliti Giorgio",72,"Mammoliti Giorgio",98,"Mammoliti Giorgio",68,"Mammoliti Giorgio",40,"Mammoliti Giorgio",42,"Mammoliti Giorgio",38
"Mann Steve",20,"Mann Steve",6,"Mann Steve",16,"Mann Steve",2,"Mann Steve",12,"Mann Steve",14,"Mann Steve",16,"Mann Steve",4,"Mann Steve",10,"Mann Steve",10,"Mann Steve",6,"Mann Steve",10,"Mann Steve",4,"Mann Steve",14,"Mann Steve",4,"Mann Steve",12,"Mann Steve",8,"Mann Steve",6,"Mann Steve",12,"Mann Steve",10,"Mann Steve",6,"Mann Steve",10,"Mann Steve",22,"Mann Steve",10,"Mann Steve",10
"Marshall Cleveland",12,"Marshall Cleveland",8,"Marshall Cleveland",24,"Marshall Cleveland",26,"Marshall Cleveland",32,"Marshall Cleveland",8,"Marshall Cleveland",12,"Marshall Cleveland",24,"Marshall Cleveland",16,"Marshall Cleveland",6,"Marshall Cleveland",10,"Marshall Cleveland",54,"Marshall Cleveland",56,"Marshall Cleveland",20,"Marshall Cleveland",18,"Marshall Cleveland",28,"Marshall Cleveland",24,"Marshall Cleveland",8,"Marshall Cleveland",18,"Marshall Cleveland",24,"Marshall Cleveland",20,"Marshall Cleveland",14,"Marshall Cleveland",16,"Marshall Cleveland",26,"Marshall Cleveland",36
"Matlow Josh",626,"Matlow Josh",2126,"Matlow Josh",2774,"Matlow Josh",4112,"Matlow Josh",1234,"Matlow Josh",1810,"Matlow Josh",478,"Matlow Josh",5336,"Matlow Josh",2762,"Matlow Josh",2812,"Matlow Josh",4486,"Matlow Josh",15476,"Matlow Josh",3180,"Matlow Josh",3944,"Matlow Josh",5056,"Matlow Josh",1876,"Matlow Josh",1570,"Matlow Josh",1920,"Matlow Josh",3474,"Matlow Josh",1612,"Matlow Josh",1008,"Matlow Josh",1196,"Matlow Josh",588,"Matlow Josh",678,"Matlow Josh",1010
"Mohee Faizul",18,"Mohee Faizul",14,"Mohee Faizul",34,"Mohee Faizul",10,"Mohee Faizul",22,"Mohee Faizul",2,"Mohee Faizul",14,"Mohee Faizul",12,"Mohee Faizul",6,"Mohee Faizul",6,"Mohee Faizul",8,"Mohee Faizul",14,"Mohee Faizul",4,"Mohee Faizul",2,"Mohee Faizul",10,"Mohee Faizul",12,"Mohee Faizul",18,"Mohee Faizul",12,"Mohee Faizul",36,"Mohee Faizul",94,"Mohee Faizul",26,"Mohee Faizul",28,"Mohee Faizul",20,"Mohee Faizul",34,"Mohee Faizul",54
"Murphy Bob",20,"Murphy Bob",22,"Murphy Bob",18,"Murphy Bob",18,"Murphy Bob",32,"Murphy Bob",18,"Murphy Bob",12,"Murphy Bob",14,"Murphy Bob",14,"Murphy Bob",8,"Murphy Bob",6,"Murphy Bob",24,"Murphy Bob",14,"Murphy Bob",10,"Murphy Bob",14,"Murphy Bob",18,"Murphy Bob",14,"Murphy Bob",14,"Murphy Bob",10,"Murphy Bob",36,"Murphy Bob",8,"Murphy Bob",14,"Murphy Bob",10,"Murphy Bob",28,"Murphy Bob",10
"Nicula Michael",10,"Nicula Michael",18,"Nicula Michael",6,"Nicula Michael",8,"Nicula Michael",10,"Nicula Michael",12,"Nicula Michael",12,"Nicula Michael",2,"Nicula Michael",2,"Nicula Michael",0,"Nicula Michael",0,"Nicula Michael",8,"Nicula Michael",10,"Nicula Michael",8,"Nicula Michael",0,"Nicula Michael",8,"Nicula Michael",6,"Nicula Michael",8,"Nicula Michael",2,"Nicula Michael",6,"Nicula Michael",6,"Nicula Michael",10,"Nicula Michael",6,"Nicula Michael",10,"Nicula Michael",8
"Nowwarah Jamil",4,"Nowwarah Jamil",2,"Nowwarah Jamil",0,"Nowwarah Jamil",2,"Nowwarah Jamil",8,"Nowwarah Jamil",6,"Nowwarah Jamil",8,"Nowwarah Jamil",0,"Nowwarah Jamil",4,"Nowwarah Jamil",4,"Nowwarah Jamil",0,"Nowwarah Jamil",0,"Nowwarah Jamil",2,"Nowwarah Jamil",2,"Nowwarah Jamil",2,"Nowwarah Jamil",0,"Nowwarah Jamil",4,"Nowwarah Jamil",2,"Nowwarah Jamil",2,"Nowwarah Jamil",2,"Nowwarah Jamil",4,"Nowwarah Jamil",4,"Nowwarah Jamil",4,"Nowwarah Jamil",2,"Nowwarah Jamil",8
"Perruzza Anthony",286,"Perruzza Anthony",204,"Perruzza Anthony",140,"Perruzza Anthony",60,"Perruzza Anthony",266,"Perruzza Anthony",640,"Perruzza Anthony",3410,"Perruzza Anthony",122,"Perruzza Anthony",62,"Perruzza Anthony",38,"Perruzza Anthony",32,"Perruzza Anthony",52,"Perruzza Anthony",32,"Perruzza Anthony",52,"Perruzza Anthony",36,"Perruzza Anthony",44,"Perruzza Anthony",56,"Perruzza Anthony",106,"Perruzza Anthony",32,"Perruzza Anthony",50,"Perruzza Anthony",56,"Perruzza Anthony",70,"Perruzza Anthony",76,"Perruzza Anthony",52,"Perruzza Anthony",76
"Ransome John",18,"Ransome John",10,"Ransome John",2,"Ransome John",4,"Ransome John",10,"Ransome John",10,"Ransome John",24,"Ransome John",2,"Ransome John",2,"Ransome John",4,"Ransome John",0,"Ransome John",0,"Ransome John",6,"Ransome John",4,"Ransome John",0,"Ransome John",8,"Ransome John",4,"Ransome John",0,"Ransome John",2,"Ransome John",6,"Ransome John",10,"Ransome John",2,"Ransome John",10,"Ransome John",6,"Ransome John",6
"Renée D!ONNE",20,"Renée D!ONNE",18,"Renée D!ONNE",16,"Renée D!ONNE",18,"Renée D!ONNE",34,"Renée D!ONNE",14,"Renée D!ONNE",16,"Renée D!ONNE",14,"Renée D!ONNE",32,"Renée D!ONNE",14,"Renée D!ONNE",10,"Renée D!ONNE",16,"Renée D!ONNE",12,"Renée D!ONNE",14,"Renée D!ONNE",10,"Renée D!ONNE",16,"Renée D!ONNE",8,"Renée D!ONNE",6,"Renée D!ONNE",12,"Renée D!ONNE",14,"Renée D!ONNE",18,"Renée D!ONNE",12,"Renée D!ONNE",6,"Renée D!ONNE",10,"Renée D!ONNE",16
"Reodica Willie",20,"Reodica Willie",8,"Reodica Willie",20,"Reodica Willie",14,"Reodica Willie",20,"Reodica Willie",16,"Reodica Willie",12,"Reodica Willie",10,"Reodica Willie",6,"Reodica Willie",2,"Reodica Willie",2,"Reodica Willie",0,"Reodica Willie",6,"Reodica Willie",8,"Reodica Willie",10,"Reodica Willie",14,"Reodica Willie",8,"Reodica Willie",8,"Reodica Willie",4,"Reodica Willie",40,"Reodica Willie",68,"Reodica Willie",20,"Reodica Willie",48,"Reodica Willie",54,"Reodica Willie",32
"Rubino Walter",8,"Rubino Walter",4,"Rubino Walter",4,"Rubino Walter",4,"Rubino Walter",6,"Rubino Walter",20,"Rubino Walter",6,"Rubino Walter",2,"Rubino Walter",4,"Rubino Walter",2,"Rubino Walter",2,"Rubino Walter",2,"Rubino Walter",4,"Rubino Walter",2,"Rubino Walter",2,"Rubino Walter",12,"Rubino Walter",2,"Rubino Walter",6,"Rubino Walter",4,"Rubino Walter",4,"Rubino Walter",4,"Rubino Walter",6,"Rubino Walter",12,"Rubino Walter",4,"Rubino Walter",8
"Saccoccia Chris",668,"Saccoccia Chris",1336,"Saccoccia Chris",1228,"Saccoccia Chris",558,"Saccoccia Chris",1100,"Saccoccia Chris",756,"Saccoccia Chris",606,"Saccoccia Chris",598,"Saccoccia Chris",694,"Saccoccia Chris",500,"Saccoccia Chris",380,"Saccoccia Chris",428,"Saccoccia Chris",418,"Saccoccia Chris",586,"Saccoccia Chris",370,"Saccoccia Chris",652,"Saccoccia Chris",488,"Saccoccia Chris",380,"Saccoccia Chris",644,"Saccoccia Chris",826,"Saccoccia Chris",880,"Saccoccia Chris",452,"Saccoccia Chris",306,"Saccoccia Chris",540,"Saccoccia Chris",608
"Sanders Lyall",252,"Sanders Lyall",454,"Sanders Lyall",356,"Sanders Lyall",166,"Sanders Lyall",324,"Sanders Lyall",304,"Sanders Lyall",220,"Sanders Lyall",248,"Sanders Lyall",110,"Sanders Lyall",136,"Sanders Lyall",116,"Sanders Lyall",180,"Sanders Lyall",158,"Sanders Lyall",156,"Sanders Lyall",194,"Sanders Lyall",242,"Sanders Lyall",156,"Sanders Lyall",192,"Sanders Lyall",200,"Sanders Lyall",310,"Sanders Lyall",276,"Sanders Lyall",226,"Sanders Lyall",142,"Sanders Lyall",160,"Sanders Lyall",272
"Saunders Mark",5488,"Saunders Mark",10332,"Saunders Mark",8612,"Saunders Mark",3784,"Saunders Mark",4940,"Saunders Mark",5114,"Saunders Mark",3420,"Saunders Mark",5864,"Saunders Mark",2480,"Saunders Mark",4172,"Saunders Mark",3766,"Saunders Mark",4464,"Saunders Mark",3090,"Saunders Mark",3500,"Saunders Mark",6310,"Saunders Mark",4310,"Saunders Mark",5756,"Saunders Mark",5360,"Saunders Mark",4198,"Saunders Mark",5524,"Saunders Mark",5152,"Saunders Mark",5088,"Saunders Mark",4026,"Saunders Mark",4176,"Saunders Mark",5408
"Schipano Rocco",18,"Schipano Rocco",14,"Schipano Rocco",14,"Schipano Rocco",2,"Schipano Rocco",18,"Schipano Rocco",8,"Schipano Rocco",4,"Schipano Rocco",6,"Schipano Rocco",6,"Schipano Rocco",4,"Schipano Rocco",6,"Schipano Rocco",0,"Schipano Rocco",8,"Schipano Rocco",6,"Schipano Rocco",4,"Schipano Rocco",8,"Schipano Rocco",6,"Schipano Rocco",6,"Schipano Rocco",6,"Schipano Rocco",18,"Schipano Rocco",10,"Schipano Rocco",2,"Schipano Rocco",6,"Schipano Rocco",4,"Schipano Rocco",4
"Shusterman Robert",2,"Shusterman Robert",6,"Shusterman Robert",4,"Shusterman Robert",6,"Shusterman Robert",8,"Shusterman Robert",48,"Shusterman Robert",10,"Shusterman Robert",32,"Shusterman Robert",6,"Shusterman Robert",6,"Shusterman Robert",4,"Shusterman Robert",10,"Shusterman Robert",2,"Shusterman Robert",6,"Shusterman Robert",10,"Shusterman Robert",0,"Shusterman Robert",6,"Shusterman Robert",12,"Shusterman Robert",2,"Shusterman Robert",6,"Shusterman Robert",6,"Shusterman Robert",6,"Shusterman Robert",10,"Shusterman Robert",10,"Shusterman Robert",10
"Singh Knia",42,"Singh Knia",14,"Singh Knia",22,"Singh Knia",14,"Singh Knia",18,"Singh Knia",6,"Singh Knia",22,"Singh Knia",14,"Singh Knia",12,"Singh Knia",26,"Singh Knia",10,"Singh Knia",0,"Singh Knia",22,"Singh Knia",20,"Singh Knia",10,"Singh Knia",8,"Singh Knia",14,"Singh Knia",8,"Singh Knia",18,"Singh Knia",22,"Singh Knia",24,"Singh Knia",20,"Singh Knia",50,"Singh Knia",18,"Singh Knia",58
"Singh Partap Dua",44,"Singh Partap Dua",8,"Singh Partap Dua",10,"Singh Partap Dua",8,"Singh Partap Dua",8,"Singh Partap Dua",10,"Singh Partap Dua",22,"Singh Partap Dua",10,"Singh Partap Dua",8,"Singh Partap Dua",6,"Singh Partap Dua",2,"Singh Partap Dua",10,"Singh Partap Dua",6,"Singh Partap Dua",4,"Singh Partap Dua",2,"Singh Partap Dua",6,"Singh Partap Dua",8,"Singh Partap Dua",6,"Singh Partap Dua",8,"Singh Partap Dua",16,"Singh Partap Dua",8,"Singh Partap Dua",8,"Singh Partap Dua",12,"Singh Partap Dua",12,"Singh Partap Dua",22
"Sivaneswaran Raksheni",52,"Sivaneswaran Raksheni",10,"Sivaneswaran Raksheni",10,"Sivaneswaran Raksheni",16,"Sivaneswaran Raksheni",18,"Sivaneswaran Raksheni",16,"Sivaneswaran Raksheni",38,"Sivaneswaran Raksheni",4,"Sivaneswaran Raksheni",2,"Sivaneswaran Raksheni",2,"Sivaneswaran Raksheni",0,"Sivaneswaran Raksheni",4,"Sivaneswaran Raksheni",26,"Sivaneswaran Raksheni",0,"Sivaneswaran Raksheni",2,"Sivaneswaran Raksheni",20,"Sivaneswaran Raksheni",32,"Sivaneswaran Raksheni",6,"Sivaneswaran Raksheni",14,"Sivaneswaran Raksheni",86,"Sivaneswaran Raksheni",266,"Sivaneswaran Raksheni",90,"Sivaneswaran Raksheni",264,"Sivaneswaran Raksheni",236,"Sivaneswaran Raksheni",344
"Sniedzins Erwin",0,"Sniedzins Erwin",0,"Sniedzins Erwin",8,"Sniedzins Erwin",2,"Sniedzins Erwin",0,"Sniedzins Erwin",0,"Sniedzins Erwin",2,"Sniedzins Erwin",10,"Sniedzins Erwin",2,"Sniedzins Erwin",6,"Sniedzins Erwin",2,"Sniedzins Erwin",0,"Sniedzins Erwin",2,"Sniedzins Erwin",8,"Sniedzins Erwin",0,"Sniedzins Erwin",8,"Sniedzins Erwin",2,"Sniedzins Erwin",4,"Sniedzins Erwin",6,"Sniedzins Erwin",2,"Sniedzins Erwin",0,"Sniedzins Erwin",6,"Sniedzins Erwin",2,"Sniedzins Erwin",4,"Sniedzins Erwin",0
"Srivastava Sandeep",56,"Srivastava Sandeep",6,"Srivastava Sandeep",6,"Srivastava Sandeep",8,"Srivastava Sandeep",2,"Srivastava Sandeep",8,"Srivastava Sandeep",6,"Srivastava Sandeep",4,"Srivastava Sandeep",6,"Srivastava Sandeep",10,"Srivastava Sandeep",0,"Srivastava Sandeep",0,"Srivastava Sandeep",10,"Srivastava Sandeep",8,"Srivastava Sandeep",4,"Srivastava Sandeep",18,"Srivastava Sandeep",18,"Srivastava Sandeep",6,"Srivastava Sandeep",0,"Srivastava Sandeep",20,"Srivastava Sandeep",28,"Srivastava Sandeep",16,"Srivastava Sandeep",32,"Srivastava Sandeep",40,"Srivastava Sandeep",20
"Straus Meir",4,"Straus Meir",22,"Straus Meir",10,"Straus Meir",8,"Straus Meir",2,"Straus Meir",30,"Straus Meir",8,"Straus Meir",38,"Straus Meir",4,"Straus Meir",2,"Straus Meir",8,"Straus Meir",14,"Straus Meir",4,"Straus Meir",8,"Straus Meir",10,"Straus Meir",4,"Straus Meir",6,"Straus Meir",18,"Straus Meir",14,"Straus Meir",12,"Straus Meir",4,"Straus Meir",6,"Straus Meir",10,"Straus Meir",6,"Straus Meir",6
"Tang Weizhen",2,"Tang Weizhen",4,"Tang Weizhen",2,"Tang Weizhen",6,"Tang Weizhen",14,"Tang Weizhen",2,"Tang Weizhen",26,"Tang Weizhen",10,"Tang Weizhen",2,"Tang Weizhen",10,"Tang Weizhen",10,"Tang Weizhen",10,"Tang Weizhen",6,"Tang Weizhen",10,"Tang Weizhen",0,"Tang Weizhen",8,"Tang Weizhen",16,"Tang Weizhen",8,"Tang Weizhen",10,"Tang Weizhen",12,"Tang Weizhen",10,"Tang Weizhen",30,"Tang Weizhen",22,"Tang Weizhen",12,"Tang Weizhen",8
"Toye Mitchell",14,"Toye Mitchell",10,"Toye Mitchell",6,"Toye Mitchell",6,"Toye Mitchell",4,"Toye Mitchell",8,"Toye Mitchell",8,"Toye Mitchell",0,"Toye Mitchell",0,"Toye Mitchell",4,"Toye Mitchell",8,"Toye Mitchell",4,"Toye Mitchell",6,"Toye Mitchell",2,"Toye Mitchell",4,"Toye Mitchell",0,"Toye Mitchell",8,"Toye Mitchell",2,"Toye Mitchell",2,"Toye Mitchell",10,"Toye Mitchell",12,"Toye Mitchell",2,"Toye Mitchell",4,"Toye Mitchell",14,"Toye Mitchell",6
"Tull Reginald",14,"Tull Reginald",30,"Tull Reginald",38,"Tull Reginald",22,"Tull Reginald",44,"Tull Reginald",12,"Tull Reginald",8,"Tull Reginald",32,"Tull Reginald",12,"Tull Reginald",12,"Tull Reginald",8,"Tull Reginald",20,"Tull Reginald",20,"Tull Reginald",68,"Tull Reginald",8,"Tull Reginald",46,"Tull Reginald",90,"Tull Reginald",10,"Tull Reginald",44,"Tull Reginald",60,"Tull Reginald",108,"Tull Reginald",38,"Tull Reginald",66,"Tull Reginald",84,"Tull Reginald",70
"Tunney Jeffery",2,"Tunney Jeffery",6,"Tunney Jeffery",14,"Tunney Jeffery",6,"Tunney Jeffery",6,"Tunney Jeffery",2,"Tunney Jeffery",4,"Tunney Jeffery",12,"Tunney Jeffery",4,"Tunney Jeffery",8,"Tunney Jeffery",0,"Tunney Jeffery",10,"Tunney Jeffery",14,"Tunney Jeffery",10,"Tunney Jeffery",8,"Tunney Jeffery",10,"Tunney Jeffery",2,"Tunney Jeffery",4,"Tunney Jeffery",8,"Tunney Jeffery",16,"Tunney Jeffery",6,"Tunney Jeffery",4,"Tunney Jeffery",4,"Tunney Jeffery",0,"Tunney Jeffery",6
"Vadivelu Kiri",18,"Vadivelu Kiri",8,"Vadivelu Kiri",12,"Vadivelu Kiri",28,"Vadivelu Kiri",8,"Vadivelu Kiri",2,"Vadivelu Kiri",14,"Vadivelu Kiri",0,"Vadivelu Kiri",10,"Vadivelu Kiri",8,"Vadivelu Kiri",26,"Vadivelu Kiri",20,"Vadivelu Kiri",38,"Vadivelu Kiri",12,"Vadivelu Kiri",2,"Vadivelu Kiri",14,"Vadivelu Kiri",18,"Vadivelu Kiri",6,"Vadivelu Kiri",8,"Vadivelu Kiri",42,"Vadivelu Kiri",86,"Vadivelu Kiri",22,"Vadivelu Kiri",36,"Vadivelu Kiri",62,"Vadivelu Kiri",80
"Weenen Jack",0,"Weenen Jack",0,"Weenen Jack",2,"Weenen Jack",0,"Weenen Jack",2,"Weenen Jack",0,"Weenen Jack",2,"Weenen Jack",4,"Weenen Jack",0,"Weenen Jack",0,"Weenen Jack",8,"Weenen Jack",4,"Weenen Jack",0,"Weenen Jack",0,"Weenen Jack",6,"Weenen Jack",0,"Weenen Jack",4,"Weenen Jack",0,"Weenen Jack",6,"Weenen Jack",8,"Weenen Jack",0,"Weenen Jack",4,"Weenen Jack",2,"Weenen Jack",8,"Weenen Jack",0
"Wei Yuanqian",8,"Wei Yuanqian",4,"Wei Yuanqian",4,"Wei Yuanqian",2,"Wei Yuanqian",2,"Wei Yuanqian",4,"Wei Yuanqian",10,"Wei Yuanqian",4,"Wei Yuanqian",0,"Wei Yuanqian",2,"Wei Yuanqian",6,"Wei Yuanqian",10,"Wei Yuanqian",0,"Wei Yuanqian",2,"Wei Yuanqian",4,"Wei Yuanqian",6,"Wei Yuanqian",10,"Wei Yuanqian",12,"Wei Yuanqian",0,"Wei Yuanqian",10,"Wei Yuanqian",4,"Wei Yuanqian",20,"Wei Yuanqian",14,"Wei Yuanqian",8,"Wei Yuanqian",10
"Williams Jody",10,"Williams Jody",6,"Williams Jody",10,"Williams Jody",14,"Williams Jody",16,"Williams Jody",20,"Williams Jody",48,"Williams Jody",8,"Williams Jody",8,"Williams Jody",6,"Williams Jody",6,"Williams Jody",12,"Williams Jody",22,"Williams Jody",6,"Williams Jody",18,"Williams Jody",16,"Williams Jody",6,"Williams Jody",14,"Williams Jody",2,"Williams Jody",8,"Williams Jody",16,"Williams Jody",16,"Williams Jody",6,"Williams Jody",18,"Williams Jody",8
"Winter John",8,"Winter John",10,"Winter John",14,"Winter John",8,"Winter John",14,"Winter John",12,"Winter John",16,"Winter John",10,"Winter John",2,"Winter John",4,"Winter John",6,"Winter John",10,"Winter John",8,"Winter John",10,"Winter John",8,"Winter John",8,"Winter John",10,"Winter John",8,"Winter John",6,"Winter John",10,"Winter John",14,"Winter John",4,"Winter John",12,"Winter John",12,"Winter John",12
"Yan Nathalie Xian Yi",6,"Yan Nathalie Xian Yi",12,"Yan Nathalie Xian Yi",16,"Yan Nathalie Xian Yi",8,"Yan Nathalie Xian Yi",16,"Yan Nathalie Xian Yi",22,"Yan Nathalie Xian Yi",20,"Yan Nathalie Xian Yi",6,"Yan Nathalie Xian Yi",4,"Yan Nathalie Xian Yi",12,"Yan Nathalie Xian Yi",16,"Yan Nathalie Xian Yi",8,"Yan Nathalie Xian Yi",14,"Yan Nathalie Xian Yi",16,"Yan Nathalie Xian Yi",10,"Yan Nathalie Xian Yi",6,"Yan Nathalie Xian Yi",26,"Yan Nathalie Xian Yi",18,"Yan Nathalie Xian Yi",8,"Yan Nathalie Xian Yi",18,"Yan Nathalie Xian Yi",22,"Yan Nathalie Xian Yi",38,"Yan Nathalie Xian Yi",16,"Yan Nathalie Xian Yi",8,"Yan Nathalie Xian Yi",14
